"","missingGenes"
"1","A1BG"
"2","A1CF"
"3","AAK1"
"4","AARS1"
"5","ABCA7"
"6","ABCF2-H2BE1"
"7","ABCF2"
"8","ABHD8"
"9","ABITRAM"
"10","ABO"
"11","ACAN"
"12","ACP3"
"13","ADAD2"
"14","ADAM20"
"15","ADAM29"
"16","ADAM30"
"17","ADAMTS20"
"18","ADAMTS7"
"19","ADAMTSL2"
"20","ADGRG4"
"21","ADM5"
"22","ADNP2"
"23","ADPRS"
"24","ADRA1B"
"25","ADRA1D"
"26","ADRA2B"
"27","ADRA2C"
"28","ADRB1"
"29","ADRB2"
"30","ADSS1"
"31","ADSS2"
"32","AEBP1"
"33","AFF1"
"34","AFF3"
"35","AFG3L2"
"36","AFTPH"
"37","AGAP4"
"38","AGAP5"
"39","AGAP6"
"40","AGAP9"
"41","AGBL1"
"42","AGT"
"43","AGTR2"
"44","AHCTF1"
"45","AHNAK"
"46","AHNAK2"
"47","AIRE"
"48","AKAP1"
"49","AKAP11"
"50","AKAP12"
"51","AKAP13"
"52","AKAP3"
"53","AKR7L"
"54","ALG1L"
"55","ALG1L2"
"56","ALMS1"
"57","ALPK2"
"58","ALPK3"
"59","ALPP"
"60","ALX4"
"61","AMER1"
"62","AMER2"
"63","AMH"
"64","AMIGO2"
"65","AMOT"
"66","AMOTL1"
"67","ANGPTL7"
"68","ANKHD1-EIF4EBP3"
"69","ANKLE2"
"70","ANKRD18A"
"71","ANKRD18B"
"72","ANKRD20A1"
"73","ANKRD20A2P"
"74","ANKRD20A3P"
"75","ANKRD20A4P"
"76","ANKRD24"
"77","ANKRD26"
"78","ANKRD30A"
"79","ANKRD30B"
"80","ANKRD31"
"81","ANKRD33B"
"82","ANKRD36"
"83","ANKRD36B"
"84","ANKRD37"
"85","ANKRD40"
"86","ANKRD60"
"87","ANKRD62"
"88","ANKRD63"
"89","ANKRD65"
"90","ANKS6"
"91","ANO7"
"92","ANO8"
"93","ANP32D"
"94","ANTKMT"
"95","ANTXRL"
"96","AOPEP"
"97","APC2"
"98","APCS"
"99","APOA4"
"100","APOBEC3A"
"101","APOBEC3G"
"102","APOBR"
"103","APOL1"
"104","APOL2"
"105","APOL3"
"106","APOL5"
"107","APOL6"
"108","ARAP2"
"109","ARGFX"
"110","ARHGAP11B"
"111","ARHGAP12"
"112","ARHGAP31"
"113","ARHGAP40"
"114","ARHGAP9"
"115","ARHGEF19"
"116","ARHGEF35"
"117","ARID3A"
"118","ARMCX5-GPRASP2"
"119","ARMH4"
"120","ARPIN-AP3S2"
"121","ARRDC1"
"122","ARSL"
"123","ART4"
"124","ASCL1"
"125","ASDURF"
"126","ASMTL"
"127","ASPN"
"128","ATAD3B"
"129","ATAD5"
"130","ATF6"
"131","ATF7-NPFF"
"132","ATN1"
"133","ATOH8"
"134","ATP5ME"
"135","ATP5PO"
"136","ATP8B3"
"137","ATPSCKMT"
"138","ATRN"
"139","ATXN3L"
"140","AXIN1"
"141","B4GALNT4"
"142","BAHCC1"
"143","BAIAP2L2"
"144","BARHL2"
"145","BAZ2A"
"146","BBS10"
"147","BCL2L10"
"148","BCL6B"
"149","BCL9L"
"150","BCR"
"151","BDP1"
"152","BHLHA15"
"153","BHLHE22"
"154","BHLHE41"
"155","BHMG1"
"156","BICRA"
"157","BIK"
"158","BIVM-ERCC5"
"159","BLM"
"160","BLOC1S3"
"161","BMERB1"
"162","BMP15"
"163","BNIP5"
"164","BOD1L1"
"165","BOD1L2"
"166","BORCS7"
"167","BPNT2"
"168","BPTF"
"169","BPY2"
"170","BPY2B"
"171","BPY2C"
"172","BRCA2"
"173","BSN"
"174","BST2"
"175","BTN2A2"
"176","BTNL3"
"177","BTNL9"
"178","C10ORF95"
"179","C11ORF71"
"180","C12ORF60"
"181","C12ORF71"
"182","C15ORF39"
"183","C16ORF46"
"184","C16ORF71"
"185","C16ORF82"
"186","C16ORF90"
"187","C16ORF96"
"188","C17ORF100"
"189","C17ORF97"
"190","C19ORF18"
"191","C19ORF73"
"192","C19ORF85"
"193","C1ORF116"
"194","C1ORF131"
"195","C1ORF167"
"196","C1ORF68"
"197","C1QTNF12"
"198","C20ORF144"
"199","C20ORF203"
"200","C22ORF42"
"201","C2CD4A"
"202","C2ORF16"
"203","C2ORF78"
"204","C3AR1"
"205","C3ORF38"
"206","C3ORF56"
"207","C4ORF3"
"208","C4ORF50"
"209","C4ORF54"
"210","C5ORF52"
"211","C6ORF118"
"212","C6ORF132"
"213","C6ORF141"
"214","C6ORF15"
"215","C6ORF226"
"216","C6ORF47"
"217","C8ORF44-SGK3"
"218","C8ORF48"
"219","C9ORF131"
"220","C9ORF43"
"221","C9ORF50"
"222","C9ORF57"
"223","CA9"
"224","CABYR"
"225","CACNA1F"
"226","CACNA1I"
"227","CACNG4"
"228","CACNG8"
"229","CACTIN"
"230","CALHM1"
"231","CAMSAP3"
"232","CAPN15"
"233","CARD8"
"234","CARS1"
"235","CARS2"
"236","CASKIN1"
"237","CASP8AP2"
"238","CASQ2"
"239","CASZ1"
"240","CATSPER1"
"241","CATSPER2"
"242","CATSPERB"
"243","CATSPERD"
"244","CBARP"
"245","CBLIF"
"246","CBX8"
"247","CBY2"
"248","CCDC116"
"249","CCDC144A"
"250","CCDC15"
"251","CCDC163"
"252","CCDC168"
"253","CCDC177"
"254","CCDC180"
"255","CCDC187"
"256","CCDC192"
"257","CCDC200"
"258","CCDC201"
"259","CCDC27"
"260","CCDC34"
"261","CCDC40"
"262","CCDC57"
"263","CCDC62"
"264","CCDC71"
"265","CCDC74A"
"266","CCDC78"
"267","CCDC8"
"268","CCDC82"
"269","CCDC85A"
"270","CCDC87"
"271","CCDC96"
"272","CCER1"
"273","CCL15"
"274","CCL17"
"275","CCL3L3"
"276","CCM2L"
"277","CCN1"
"278","CCN2"
"279","CCN3"
"280","CCN4"
"281","CCN5"
"282","CCN6"
"283","CCNB3"
"284","CCNI2"
"285","CCNP"
"286","CD19"
"287","CD244"
"288","CD3E"
"289","CD55"
"290","CD93"
"291","CDC14C"
"292","CDC42EP1"
"293","CDH15"
"294","CDH22"
"295","CDHR5"
"296","CDIN1"
"297","CDR1"
"298","CDRT15"
"299","CDRT15L2"
"300","CDSN"
"301","CDT1"
"302","CDY1"
"303","CDY1B"
"304","CDY2A"
"305","CDY2B"
"306","CEACAM21"
"307","CEACAM5"
"308","CEBPA"
"309","CEL"
"310","CELA1"
"311","CELSR1"
"312","CELSR2"
"313","CENATAC"
"314","CENPB"
"315","CENPBD1"
"316","CENPU"
"317","CEP126"
"318","CEP164"
"319","CEP20"
"320","CEP295"
"321","CEP295NL"
"322","CEP43"
"323","CERS3"
"324","CERT1"
"325","CFAP157"
"326","CFAP20DC"
"327","CFAP251"
"328","CFAP298-TCP10L"
"329","CFAP47"
"330","CFAP54"
"331","CFAP74"
"332","CFAP91"
"333","CFAP92"
"334","CFAP94"
"335","CFAP97"
"336","CFC1"
"337","CFC1B"
"338","CFHR1"
"339","CGB1"
"340","CGB2"
"341","CHADL"
"342","CHAF1A"
"343","CHGB"
"344","CHST5"
"345","CIBAR1"
"346","CIBAR2"
"347","CILK1"
"348","CIR1"
"349","CLASP1"
"350","CLC"
"351","CLCA4"
"352","CLDN23"
"353","CLEC4C"
"354","CLIC6"
"355","CLSPN"
"356","CMTM2"
"357","CMYA5"
"358","CNGB3"
"359","CNPY4"
"360","COA8"
"361","COL18A1"
"362","COL20A1"
"363","COL27A1"
"364","COL4A6"
"365","COL6A6"
"366","COL7A1"
"367","CPAMD8"
"368","CPHXL"
"369","CPLANE1"
"370","CPXCR1"
"371","CPXM1"
"372","CRACD"
"373","CRACDL"
"374","CRCT1"
"375","CRNN"
"376","CROCC2"
"377","CRPPA"
"378","CRYBG1"
"379","CRYBG3"
"380","CSAG2"
"381","CSAG3"
"382","CSNK2A3"
"383","CSNKA2IP"
"384","CSTF2T"
"385","CSTL1"
"386","CT45A1"
"387","CT45A10"
"388","CT45A2"
"389","CT45A3"
"390","CT45A5"
"391","CT45A6"
"392","CT45A7"
"393","CT45A8"
"394","CT45A9"
"395","CT47A1"
"396","CT47A10"
"397","CT47A11"
"398","CT47A12"
"399","CT47A2"
"400","CT47A3"
"401","CT47A4"
"402","CT47A5"
"403","CT47A6"
"404","CT47A7"
"405","CT47A8"
"406","CT47A9"
"407","CT47B1"
"408","CT83"
"409","CTAGE1"
"410","CTAGE15"
"411","CTAGE4"
"412","CTAGE6"
"413","CTAGE8"
"414","CTAGE9"
"415","CTDP1"
"416","CTSA"
"417","CTSF"
"418","CUL7"
"419","CWC22"
"420","CXCL16"
"421","CXCR2"
"422","CXORF49B"
"423","CXORF51A"
"424","CXORF51B"
"425","CYLC2"
"426","CYP2D7"
"427","CYRIA"
"428","CYRIB"
"429","CZIB"
"430","DACT1"
"431","DAPP1"
"432","DARS1"
"433","DBH"
"434","DCAF8L1"
"435","DCAF8L2"
"436","DCANP1"
"437","DCHS1"
"438","DCHS2"
"439","DDN"
"440","DDTL"
"441","DDX10"
"442","DDX3Y"
"443","DDX51"
"444","DDX53"
"445","DDX54"
"446","DDX60L"
"447","DEFA1"
"448","DEFA1B"
"449","DEFB112"
"450","DEFB126"
"451","DENND10"
"452","DENND11"
"453","DENND2B"
"454","DENND4B"
"455","DERPC"
"456","DGKK"
"457","DGKQ"
"458","DHFR2"
"459","DHX37"
"460","DHX9"
"461","DIPK1A"
"462","DIPK1B"
"463","DIPK1C"
"464","DIPK2A"
"465","DIPK2B"
"466","DISP1"
"467","DLEC1"
"468","DMAC2L"
"469","DMBT1"
"470","DMP1"
"471","DMRTA1"
"472","DMRTA2"
"473","DMRTB1"
"474","DNAAF2"
"475","DNAAF6"
"476","DNAH11"
"477","DNAH3"
"478","DNAI3"
"479","DNAI4"
"480","DNER"
"481","DPEP2"
"482","DPH7"
"483","DPPA4"
"484","DRD4"
"485","DRD5"
"486","DRICH1"
"487","DSG1"
"488","DSPP"
"489","DUS4L-BCAP29"
"490","DUSP29"
"491","DUSP8"
"492","DYNC2I1"
"493","DYNC2I2"
"494","DZIP1"
"495","E2F1"
"496","EBF1"
"497","EBLN1"
"498","EBLN2"
"499","ECRG4"
"500","ECSCR"
"501","EDN1"
"502","EEF1AKNMT"
"503","EFCAB5"
"504","EFCC1"
"505","EFHC2"
"506","EGF"
"507","EHBP1L1"
"508","EIF2AK2"
"509","EIF3A"
"510","EIF3CL"
"511","EIF4G2"
"512","EIF5AL1"
"513","ELAPOR1"
"514","ELAPOR2"
"515","ELOA3"
"516","ELOA3B"
"517","ELOA3C"
"518","ELOA3D"
"519","EMB"
"520","EME1"
"521","EMILIN2"
"522","EN1"
"523","ENAH"
"524","ENDOU"
"525","ENTHD1"
"526","EOLA1"
"527","EOLA2"
"528","EP300"
"529","EPPIN-WFDC6"
"530","EPPK1"
"531","EPRS1"
"532","EPS15"
"533","ERCC6L"
"534","ERFL"
"535","ERICH1"
"536","ERICH6"
"537","ERICH6B"
"538","ERVH48-1"
"539","ERVV-1"
"540","ERVV-2"
"541","ERVW-1"
"542","ESF1"
"543","ESX1"
"544","EVI2B"
"545","EVPLL"
"546","EVX2"
"547","EXPH5"
"548","EZHIP"
"549","F5"
"550","F8A1"
"551","F8A2"
"552","F8A3"
"553","FADS6"
"554","FAM111B"
"555","FAM153B"
"556","FAM155A"
"557","FAM166A"
"558","FAM166B"
"559","FAM166C"
"560","FAM174C"
"561","FAM184B"
"562","FAM193A"
"563","FAM228B"
"564","FAM240C"
"565","FAM246A"
"566","FAM246B"
"567","FAM24A"
"568","FAM47A"
"569","FAM47B"
"570","FAM47C"
"571","FAM53A"
"572","FAM83F"
"573","FAM83H"
"574","FAM90A1"
"575","FAM90A10P"
"576","FAM90A14P"
"577","FAM90A16P"
"578","FAM90A17P"
"579","FAM90A18P"
"580","FAM90A19P"
"581","FAM90A22P"
"582","FAM90A23P"
"583","FAM90A26"
"584","FAM90A7P"
"585","FAM90A8P"
"586","FAM90A9P"
"587","FAM9A"
"588","FARP2"
"589","FASN"
"590","FASTKD2"
"591","FBLL1"
"592","FBLN2"
"593","FBXL6"
"594","FCGBP"
"595","FCGR2B"
"596","FCGR2C"
"597","FCHSD1"
"598","FCRL4"
"599","FCSK"
"600","FGD3"
"601","FHDC1"
"602","FHIT"
"603","FIGNL2"
"604","FKBP1C"
"605","FLACC1"
"606","FLG"
"607","FLG2"
"608","FMC1-LUC7L2"
"609","FMR1NB"
"610","FNBP4"
"611","FNDC1"
"612","FNDC11"
"613","FNIP2"
"614","FOXC1"
"615","FOXD1"
"616","FOXD2"
"617","FOXD4"
"618","FOXD4L1"
"619","FOXD4L3"
"620","FOXD4L4"
"621","FOXD4L5"
"622","FOXD4L6"
"623","FOXE3"
"624","FOXF2"
"625","FOXG1"
"626","FOXH1"
"627","FOXI3"
"628","FOXK1"
"629","FOXL3"
"630","FOXN3"
"631","FOXO3B"
"632","FOXO6"
"633","FOXQ1"
"634","FPR1"
"635","FREM2"
"636","FRG2"
"637","FRG2B"
"638","FRG2C"
"639","FRMD1"
"640","FRMPD3"
"641","FSCB"
"642","FSIP2"
"643","FUS"
"644","FUT3"
"645","FUT4"
"646","FUT6"
"647","FYB2"
"648","FZD1"
"649","FZD8"
"650","GAB4"
"651","GAGE10"
"652","GAGE12C"
"653","GAGE12D"
"654","GAGE12E"
"655","GAGE12F"
"656","GAGE12G"
"657","GAGE12H"
"658","GAGE12J"
"659","GAGE13"
"660","GARRE1"
"661","GARS1"
"662","GAS1"
"663","GAS6"
"664","GASK1A"
"665","GASK1B"
"666","GAST"
"667","GBP7"
"668","GBX1"
"669","GCC1"
"670","GCGR"
"671","GCNA"
"672","GCSAML-AS1"
"673","GDF1"
"674","GDF5"
"675","GDF7"
"676","GDPD4"
"677","GET1-SH3BGR"
"678","GET3"
"679","GFRA1"
"680","GFUS"
"681","GGN"
"682","GGTA1"
"683","GGTLC3"
"684","GIGYF1"
"685","GIMAP1-GIMAP5"
"686","GIMAP7"
"687","GJA3"
"688","GJA8"
"689","GJC2"
"690","GJD3"
"691","GLUD2"
"692","GLYATL2"
"693","GMCL2"
"694","GOLGA3"
"695","GOLGA6A"
"696","GOLGA6B"
"697","GOLGA6C"
"698","GOLGA6D"
"699","GOLGA6L1"
"700","GOLGA6L10"
"701","GOLGA6L2"
"702","GOLGA6L22"
"703","GOLGA6L4"
"704","GOLGA6L6"
"705","GOLGA6L7"
"706","GOLGA6L9"
"707","GOLGA8A"
"708","GOLGA8B"
"709","GOLGA8F"
"710","GOLGA8H"
"711","GOLGA8J"
"712","GOLGA8K"
"713","GOLGA8M"
"714","GOLGA8N"
"715","GOLGA8O"
"716","GOLGA8Q"
"717","GOLGA8R"
"718","GOLGA8T"
"719","GOLM2"
"720","GP1BA"
"721","GP5"
"722","GP6"
"723","GPR101"
"724","GPR135"
"725","GPR143"
"726","GPR150"
"727","GPR152"
"728","GPR17"
"729","GPR179"
"730","GPR27"
"731","GPR32"
"732","GPR39"
"733","GPR42"
"734","GPR50"
"735","GPR62"
"736","GPRASP1"
"737","GPRC6A"
"738","GPRIN1"
"739","GREB1L"
"740","GRID2IP"
"741","GRIN2D"
"742","GRIN3B"
"743","GSE1"
"744","H1-0"
"745","H1-1"
"746","H1-10"
"747","H1-2"
"748","H1-3"
"749","H1-4"
"750","H1-5"
"751","H1-6"
"752","H1-7"
"753","H1-8"
"754","H2AB1"
"755","H2AB2"
"756","H2AB3"
"757","H2AC1"
"758","H2AC11"
"759","H2AC12"
"760","H2AC13"
"761","H2AC14"
"762","H2AC15"
"763","H2AC16"
"764","H2AC17"
"765","H2AC18"
"766","H2AC19"
"767","H2AC20"
"768","H2AC21"
"769","H2AC4"
"770","H2AC6"
"771","H2AC7"
"772","H2AC8"
"773","H2AJ"
"774","H2AL1RP"
"775","H2AP"
"776","H2AW"
"777","H2AX"
"778","H2AZ2"
"779","H2BC1"
"780","H2BC10"
"781","H2BC11"
"782","H2BC12"
"783","H2BC13"
"784","H2BC14"
"785","H2BC15"
"786","H2BC17"
"787","H2BC18"
"788","H2BC21"
"789","H2BC3"
"790","H2BC4"
"791","H2BC5"
"792","H2BC6"
"793","H2BC7"
"794","H2BC8"
"795","H2BC9"
"796","H2BE1"
"797","H2BS1"
"798","H2BU1"
"799","H2BW1"
"800","H2BW2"
"801","H3-2"
"802","H3-3A"
"803","H3-3B"
"804","H3-4"
"805","H3-5"
"806","H3C1"
"807","H3C10"
"808","H3C11"
"809","H3C12"
"810","H3C13"
"811","H3C14"
"812","H3C15"
"813","H3C2"
"814","H3C3"
"815","H3C4"
"816","H3C6"
"817","H3C7"
"818","H3C8"
"819","H3Y1"
"820","H3Y2"
"821","H4-16"
"822","H4C1"
"823","H4C11"
"824","H4C12"
"825","H4C13"
"826","H4C15"
"827","H4C2"
"828","H4C3"
"829","H4C4"
"830","H4C5"
"831","H4C6"
"832","H4C7"
"833","H4C8"
"834","H4C9"
"835","HAP1"
"836","HARS1"
"837","HASPIN"
"838","HAVCR1"
"839","HAVCR2"
"840","HCN1"
"841","HCN2"
"842","HCN3"
"843","HDGFL1"
"844","HEATR4"
"845","HEG1"
"846","HEPN1"
"847","HES3"
"848","HES4"
"849","HEXD"
"850","HHLA2"
"851","HIGD2B"
"852","HJURP"
"853","HLA-B"
"854","HLA-DOA"
"855","HLA-E"
"856","HLX"
"857","HMCN2"
"858","HMGB4"
"859","HMGN5"
"860","HNRNPA1L2"
"861","HNRNPA1P48"
"862","HNRNPCL1"
"863","HNRNPCL2"
"864","HNRNPCL3"
"865","HNRNPCL4"
"866","HOATZ"
"867","HOMEZ"
"868","HOXA11"
"869","HOXA13"
"870","HR"
"871","HRC"
"872","HRCT1"
"873","HRNR"
"874","HROB"
"875","HS6ST2"
"876","HSD3B2"
"877","HSF5"
"878","HSFX3"
"879","HSFX4"
"880","HSPBP1"
"881","HSPG2"
"882","HTATSF1"
"883","HTR3C"
"884","HTR3D"
"885","HTT"
"886","HYDIN"
"887","IARS1"
"888","IBA57"
"889","IER5L"
"890","IFI27L2"
"891","IFNA14"
"892","IFNAR1"
"893","IFNL1"
"894","IFNL4"
"895","IFTAP"
"896","IGBP1P2"
"897","IGDCC3"
"898","IGDCC4"
"899","IGFBPL1"
"900","IGFL1"
"901","IGFL3"
"902","IGSF10"
"903","IGSF5"
"904","IHO1"
"905","IL17RA"
"906","IL17RB"
"907","IL27"
"908","IL3"
"909","IL31"
"910","IL32"
"911","IL9"
"912","IL9R"
"913","ILRUN"
"914","IMPG2"
"915","INAFM1"
"916","INCA1"
"917","INCENP"
"918","INS-IGF2"
"919","INSM1"
"920","INSM2"
"921","INSRR"
"922","INSYN2A"
"923","IQCN"
"924","IQSEC3"
"925","IRAG1"
"926","IRAG2"
"927","IRF2BPL"
"928","IRGM"
"929","IRS1"
"930","IRS2"
"931","IRS4"
"932","ITGAE"
"933","ITLN2"
"934","ITPKB"
"935","ITPRID1"
"936","ITPRIP"
"937","IVL"
"938","JAG2"
"939","JCAD"
"940","JHY"
"941","JUN"
"942","KANK3"
"943","KARS1"
"944","KASH5"
"945","KATNIP"
"946","KCNA5"
"947","KCNG2"
"948","KCP"
"949","KDM4E"
"950","KDM4F"
"951","KDM5D"
"952","KDM6B"
"953","KIAA1210"
"954","KIAA1549"
"955","KIAA1549L"
"956","KIAA1614"
"957","KIF14"
"958","KIF18B"
"959","KIF20B"
"960","KIF25"
"961","KIF26A"
"962","KIFBP"
"963","KIR2DL1"
"964","KIR3DL1"
"965","KIR3DL2"
"966","KIRREL2"
"967","KL"
"968","KLF18"
"969","KLHL23"
"970","KLK1"
"971","KLLN"
"972","KMT2A"
"973","KMT2B"
"974","KMT2C"
"975","KMT2D"
"976","KNDC1"
"977","KPNB1"
"978","KPRP"
"979","KRBA1"
"980","KRT1"
"981","KRT10"
"982","KRT14"
"983","KRT16"
"984","KRT2"
"985","KRT3"
"986","KRT5"
"987","KRT76"
"988","KRT77"
"989","KRT9"
"990","KRTAP1-1"
"991","KRTAP1-3"
"992","KRTAP1-5"
"993","KRTAP10-1"
"994","KRTAP10-10"
"995","KRTAP10-11"
"996","KRTAP10-12"
"997","KRTAP10-2"
"998","KRTAP10-3"
"999","KRTAP10-4"
"1000","KRTAP10-5"
"1001","KRTAP10-6"
"1002","KRTAP10-7"
"1003","KRTAP10-9"
"1004","KRTAP12-1"
"1005","KRTAP12-2"
"1006","KRTAP13-3"
"1007","KRTAP13-4"
"1008","KRTAP19-1"
"1009","KRTAP19-3"
"1010","KRTAP19-4"
"1011","KRTAP19-6"
"1012","KRTAP19-8"
"1013","KRTAP20-1"
"1014","KRTAP20-4"
"1015","KRTAP21-1"
"1016","KRTAP21-2"
"1017","KRTAP21-3"
"1018","KRTAP22-2"
"1019","KRTAP23-1"
"1020","KRTAP27-1"
"1021","KRTAP4-1"
"1022","KRTAP4-11"
"1023","KRTAP4-12"
"1024","KRTAP4-16"
"1025","KRTAP4-2"
"1026","KRTAP4-3"
"1027","KRTAP4-4"
"1028","KRTAP4-5"
"1029","KRTAP4-6"
"1030","KRTAP4-9"
"1031","KRTAP5-1"
"1032","KRTAP5-10"
"1033","KRTAP5-11"
"1034","KRTAP5-2"
"1035","KRTAP5-3"
"1036","KRTAP5-4"
"1037","KRTAP5-5"
"1038","KRTAP5-6"
"1039","KRTAP5-7"
"1040","KRTAP5-8"
"1041","KRTAP5-9"
"1042","KRTAP6-1"
"1043","KRTAP6-2"
"1044","KRTAP6-3"
"1045","KRTAP9-1"
"1046","KRTAP9-2"
"1047","KRTAP9-3"
"1048","KRTAP9-4"
"1049","KRTAP9-6"
"1050","KRTAP9-7"
"1051","KRTAP9-8"
"1052","KRTAP9-9"
"1053","KSR2"
"1054","L1TD1"
"1055","L34079.1"
"1056","LACRT"
"1057","LAD1"
"1058","LAMA1"
"1059","LAMA5"
"1060","LAMC1"
"1061","LARP1"
"1062","LARS1"
"1063","LATS2"
"1064","LCE1A"
"1065","LCE1B"
"1066","LCE1D"
"1067","LCE4A"
"1068","LCNL1"
"1069","LENG9"
"1070","LGALS3"
"1071","LILRA2"
"1072","LILRB1"
"1073","LIME1"
"1074","LINC00514"
"1075","LINC00634"
"1076","LINC02203"
"1077","LINC02218"
"1078","LIPE"
"1079","LITAFD"
"1080","LLCFC1"
"1081","LMAN1L"
"1082","LMLN2"
"1083","LMNB2"
"1084","LMNTD2"
"1085","LMOD3"
"1086","LMTK3"
"1087","LORICRIN"
"1088","LOXL1"
"1089","LPA"
"1090","LRATD1"
"1091","LRATD2"
"1092","LRIG1"
"1093","LRRC10"
"1094","LRRC24"
"1095","LRRC26"
"1096","LRRC29"
"1097","LRRC37A"
"1098","LRRC37A2"
"1099","LRRC37A3"
"1100","LRRC37B"
"1101","LRRC43"
"1102","LRRC53"
"1103","LRRC66"
"1104","LRRN4"
"1105","LTBP2"
"1106","LYL1"
"1107","LYPD3"
"1108","LYPD8"
"1109","MACIR"
"1110","MACROH2A1"
"1111","MACROH2A2"
"1112","MADCAM1"
"1113","MAFA"
"1114","MAGEA1"
"1115","MAGEA8"
"1116","MAGEA9"
"1117","MAGEA9B"
"1118","MAGEB18"
"1119","MAGEB4"
"1120","MAGEB6"
"1121","MAGEB6B"
"1122","MAGEC2"
"1123","MAGEC3"
"1124","MAGEE1"
"1125","MAGEL2"
"1126","MAGI1"
"1127","MALRD1"
"1128","MAML1"
"1129","MAML2"
"1130","MAML3"
"1131","MAMLD1"
"1132","MAN2B1"
"1133","MANSC4"
"1134","MAP10"
"1135","MAP11"
"1136","MAP1A"
"1137","MAP1LC3B2"
"1138","MAP3K1"
"1139","MAP3K10"
"1140","MAP3K15"
"1141","MAP3K5"
"1142","MAP3K6"
"1143","MAP7"
"1144","MAP7D3"
"1145","MAPK8IP2"
"1146","MARCHF1"
"1147","MARCHF10"
"1148","MARCHF11"
"1149","MARCHF2"
"1150","MARCHF3"
"1151","MARCHF4"
"1152","MARCHF5"
"1153","MARCHF6"
"1154","MARCHF7"
"1155","MARCHF8"
"1156","MARCHF9"
"1157","MARCOL"
"1158","MARS1"
"1159","MARVELD2"
"1160","MAS1L"
"1161","MAST2"
"1162","MAT1A"
"1163","MAVS"
"1164","MBD3L1"
"1165","MBD3L2"
"1166","MBD3L2B"
"1167","MBD3L3"
"1168","MBD3L4"
"1169","MBD3L5"
"1170","MBTPS2"
"1171","MCPH1"
"1172","MDC1"
"1173","MEAK7"
"1174","MEF2A"
"1175","MEIOC"
"1176","MESP1"
"1177","MEX3B"
"1178","MEX3D"
"1179","MFSD6"
"1180","MGAM"
"1181","MGME1"
"1182","MICA"
"1183","MICALL2"
"1184","MICB"
"1185","MICOS10"
"1186","MICOS13"
"1187","MICU2"
"1188","MIDEAS"
"1189","MIDN"
"1190","MIIP"
"1191","MINAR1"
"1192","MINAR2"
"1193","MINDY2"
"1194","MIS18BP1"
"1195","MKI67"
"1196","MLLT1"
"1197","MLPH"
"1198","MMAB"
"1199","MMP24OS"
"1200","MMUT"
"1201","MN1"
"1202","MPC1L"
"1203","MPP4"
"1204","MPRIP"
"1205","MR1"
"1206","MRGPRE"
"1207","MROH9"
"1208","MS4A12"
"1209","MS4A15"
"1210","MS4A18"
"1211","MSH3"
"1212","MSLNL"
"1213","MT1HL1"
"1214","MTARC1"
"1215","MTARC2"
"1216","MTMR8"
"1217","MTRES1"
"1218","MTRNR2L12"
"1219","MTRNR2L6"
"1220","MTSS2"
"1221","MUC12"
"1222","MUC13"
"1223","MUC16"
"1224","MUC17"
"1225","MUC2"
"1226","MUC20"
"1227","MUC21"
"1228","MUC22"
"1229","MUC3A"
"1230","MUC5AC"
"1231","MUC5B"
"1232","MUC6"
"1233","MUC7"
"1234","MUCL1"
"1235","MUCL3"
"1236","MYBBP1A"
"1237","MYCT1"
"1238","MYEOV"
"1239","MYG1"
"1240","MYH15"
"1241","MYO15B"
"1242","MYO9B"
"1243","MYOD1"
"1244","MYOM1"
"1245","MYPOP"
"1246","NACAD"
"1247","NANOGNB"
"1248","NANOS1"
"1249","NANOS3"
"1250","NAP1L2"
"1251","NAP1L3"
"1252","NARS1"
"1253","NAT16"
"1254","NBEAL2"
"1255","NBPF1"
"1256","NBPF11"
"1257","NBPF12"
"1258","NBPF15"
"1259","NBPF3"
"1260","NBPF4"
"1261","NBPF6"
"1262","NBPF9"
"1263","NBR1"
"1264","NCAN"
"1265","NCBP2AS2"
"1266","NCBP3"
"1267","NCOA3"
"1268","NCOA6"
"1269","NCOR2"
"1270","NCR1"
"1271","NCR2"
"1272","NCR3LG1"
"1273","NDUFB10"
"1274","NEFH"
"1275","NEFM"
"1276","NES"
"1277","NFILZ"
"1278","NFKBIE"
"1279","NFXL1"
"1280","NHSL1"
"1281","NIBAN1"
"1282","NIBAN2"
"1283","NIBAN3"
"1284","NID2"
"1285","NINL"
"1286","NKAPL"
"1287","NKPD1"
"1288","NKX1-1"
"1289","NKX1-2"
"1290","NKX2-4"
"1291","NLRP10"
"1292","NLRP5"
"1293","NLRP6"
"1294","NLRP8"
"1295","NMUR2"
"1296","NOL3"
"1297","NOM1"
"1298","NOTCH1"
"1299","NOTCH2NLB"
"1300","NOTCH2NLC"
"1301","NOTCH2NLR"
"1302","NOTCH4"
"1303","NOTO"
"1304","NOXO1"
"1305","NPAP1"
"1306","NPAT"
"1307","NPC1"
"1308","NPHP1"
"1309","NPIPA1"
"1310","NPIPA2"
"1311","NPIPA3"
"1312","NPIPA5"
"1313","NPIPA7"
"1314","NPIPA8"
"1315","NPIPA9"
"1316","NPIPB3"
"1317","NPIPB6"
"1318","NPIPB8"
"1319","NPIPB9"
"1320","NPPA"
"1321","NPY1R"
"1322","NR1H2"
"1323","NRIP1"
"1324","NT5DC4"
"1325","NTAQ1"
"1326","NTSR2"
"1327","NUDT10"
"1328","NUDT11"
"1329","NUDT4B"
"1330","NUMA1"
"1331","NUMBL"
"1332","NUP210"
"1333","NUP42"
"1334","NUTM2A"
"1335","NUTM2B"
"1336","NUTM2D"
"1337","NUTM2E"
"1338","NUTM2F"
"1339","NUTM2G"
"1340","OAF"
"1341","OAZ3"
"1342","OBI1"
"1343","OBSCN"
"1344","ODR4"
"1345","OGFR"
"1346","OLFML2A"
"1347","OLIG1"
"1348","ONECUT3"
"1349","OR10G2"
"1350","OR10H1"
"1351","OR10T2"
"1352","OR10X1"
"1353","OR11H12"
"1354","OR14A16"
"1355","OR14C36"
"1356","OR14L1P"
"1357","OR1E2"
"1358","OR1J1"
"1359","OR1R1P"
"1360","OR2A4"
"1361","OR2AJ1"
"1362","OR2AK2"
"1363","OR2B2"
"1364","OR2D2"
"1365","OR2G3"
"1366","OR2H1"
"1367","OR2M2"
"1368","OR2T12"
"1369","OR2T29"
"1370","OR2T3"
"1371","OR2T33"
"1372","OR2T34"
"1373","OR2T35"
"1374","OR4A5"
"1375","OR4C15"
"1376","OR4C5"
"1377","OR4D9"
"1378","OR4P4"
"1379","OR4X1"
"1380","OR4X2"
"1381","OR51M1"
"1382","OR51V1"
"1383","OR52B2"
"1384","OR52E2"
"1385","OR52E5"
"1386","OR52N5"
"1387","OR56B2P"
"1388","OR56B4"
"1389","OR5AS1"
"1390","OR5B21"
"1391","OR5D13"
"1392","OR5D16"
"1393","OR5K2"
"1394","OR5K4"
"1395","OR5M11"
"1396","OR5P2"
"1397","OR5R1"
"1398","OR5T1"
"1399","OR6B3"
"1400","OR6J1"
"1401","OR6T1"
"1402","OR7A5"
"1403","OR7C2"
"1404","OR7G2"
"1405","OR8D4"
"1406","OR8H1"
"1407","OR8J1"
"1408","OR8K5"
"1409","OR8U1"
"1410","OR9A2"
"1411","OR9Q1"
"1412","ORAI1"
"1413","OSBPL11"
"1414","OTOG"
"1415","OTOL1"
"1416","OTUD1"
"1417","OTUD4"
"1418","OVCH1"
"1419","OVGP1"
"1420","OXLD1"
"1421","P3R3URF-PIK3R3"
"1422","P3R3URF"
"1423","PABPC3"
"1424","PACC1"
"1425","PAGE1"
"1426","PAIP2"
"1427","PAK4"
"1428","PALB2"
"1429","PALM3"
"1430","PAPLN"
"1431","PARP10"
"1432","PARP4"
"1433","PASD1"
"1434","PBOV1"
"1435","PCARE"
"1436","PCDH11Y"
"1437","PCDH20"
"1438","PCDHB10"
"1439","PCDHB7"
"1440","PCDHB9"
"1441","PCGF1"
"1442","PCNT"
"1443","PCNX3"
"1444","PCOLCE"
"1445","PCSK4"
"1446","PDE3B"
"1447","PDILT"
"1448","PDZD2"
"1449","PDZD4"
"1450","PEDS1-UBE2V1"
"1451","PEDS1"
"1452","PER2"
"1453","PERCC1"
"1454","PERM1"
"1455","PF4V1"
"1456","PGAM4"
"1457","PGAP4"
"1458","PGAP6"
"1459","PHETA1"
"1460","PHF2"
"1461","PHLDA1"
"1462","PHLDA2"
"1463","PHLDB3"
"1464","PHLPP1"
"1465","PHRF1"
"1466","PIEZO2"
"1467","PILRB"
"1468","PINK1"
"1469","PINLYP"
"1470","PKD1"
"1471","PKD1L1"
"1472","PKDREJ"
"1473","PKHD1L1"
"1474","PKN1"
"1475","PLA2G2C"
"1476","PLAAT1"
"1477","PLAAT2"
"1478","PLAAT3"
"1479","PLAAT4"
"1480","PLAAT5"
"1481","PLCD3"
"1482","PLEKHG4"
"1483","PLEKHG4B"
"1484","PLET1"
"1485","PLIN4"
"1486","PLK5"
"1487","PLPP6"
"1488","PLPPR3"
"1489","PLSCR5"
"1490","PLXNA1"
"1491","PLXNB2"
"1492","PMIS2"
"1493","PNMA6A"
"1494","PNMA6E"
"1495","PNMA6F"
"1496","PNMA8B"
"1497","PNPLA2"
"1498","PNPLA7"
"1499","PODXL"
"1500","PODXL2"
"1501","POGLUT2"
"1502","POGLUT3"
"1503","POLG"
"1504","POLQ"
"1505","POLR1F"
"1506","POLR1G"
"1507","POLR1H"
"1508","POLR2J2"
"1509","POLR2J3"
"1510","POM121"
"1511","POMC"
"1512","POTEB"
"1513","POTEB2"
"1514","POTED"
"1515","POTEE"
"1516","POTEF"
"1517","POTEG"
"1518","POTEH"
"1519","POTEI"
"1520","POTEJ"
"1521","POTEM"
"1522","POU3F3"
"1523","POU4F1"
"1524","POU4F2"
"1525","POU5F1B"
"1526","POU6F2"
"1527","PPAN"
"1528","PPIAL4H"
"1529","PPIP5K1"
"1530","PPM1G"
"1531","PPP1R15A"
"1532","PPP1R26"
"1533","PPP1R2B"
"1534","PPP1R35"
"1535","PPP1R3F"
"1536","PPP1R3G"
"1537","PPP2R2D"
"1538","PPP4R3C"
"1539","PPP6R2"
"1540","PRAC1"
"1541","PRAC2"
"1542","PRAG1"
"1543","PRAM1"
"1544","PRAMEF1"
"1545","PRAMEF11"
"1546","PRAMEF12"
"1547","PRAMEF17"
"1548","PRAMEF19"
"1549","PRAMEF2"
"1550","PRAMEF20"
"1551","PRAMEF25"
"1552","PRAMEF26"
"1553","PRAMEF27"
"1554","PRAMEF4"
"1555","PRAMEF5"
"1556","PRAMEF9"
"1557","PRB1"
"1558","PRB2"
"1559","PRB3"
"1560","PRB4"
"1561","PRDM10"
"1562","PRDM12"
"1563","PRDM9"
"1564","PRG4"
"1565","PRH1"
"1566","PRH2"
"1567","PRKACG"
"1568","PRM3"
"1569","PRODH2"
"1570","PRORP"
"1571","PRPS1L1"
"1572","PRR11"
"1573","PRR12"
"1574","PRR14L"
"1575","PRR18"
"1576","PRR20A"
"1577","PRR20B"
"1578","PRR20C"
"1579","PRR20D"
"1580","PRR20E"
"1581","PRR20G"
"1582","PRR23B"
"1583","PRR33"
"1584","PRR36"
"1585","PRRC2C"
"1586","PRSS41"
"1587","PRSS45P"
"1588","PRY"
"1589","PRYP3"
"1590","PSCA"
"1591","PSD4"
"1592","PSG1"
"1593","PSG11"
"1594","PSG2"
"1595","PSG3"
"1596","PSG4"
"1597","PSG5"
"1598","PSG7"
"1599","PSG9"
"1600","PSME3IP1"
"1601","PTCD1"
"1602","PTGDR2"
"1603","PTPRH"
"1604","PVRIG"
"1605","PWWP3A"
"1606","PWWP3B"
"1607","QARS1"
"1608","QPRT"
"1609","QRICH2"
"1610","RAB40A"
"1611","RAB41"
"1612","RAB44"
"1613","RAB6C"
"1614","RAB6D"
"1615","RAD51AP2"
"1616","RADX"
"1617","RAI1"
"1618","RALGDS"
"1619","RALY"
"1620","RAMACL"
"1621","RARS1"
"1622","RASSF10"
"1623","RBBP8NL"
"1624","RBIS"
"1625","RBM20"
"1626","RBM28"
"1627","RBM43"
"1628","RBMXL1"
"1629","RBMXL2"
"1630","RBMXL3"
"1631","RBMY1A1"
"1632","RBMY1B"
"1633","RBMY1D"
"1634","RBMY1E"
"1635","RBMY1F"
"1636","RBMY1J"
"1637","REC8"
"1638","REEP6"
"1639","REPS2"
"1640","RESF1"
"1641","RFLNB"
"1642","RFPL3"
"1643","RFPL4A"
"1644","RFPL4AL1"
"1645","RFPL4B"
"1646","RGL4"
"1647","RGPD2"
"1648","RGS22"
"1649","RHOXF1"
"1650","RHOXF2"
"1651","RHOXF2B"
"1652","RIBC2"
"1653","RIF1"
"1654","RILP"
"1655","RIMBP3"
"1656","RIMBP3B"
"1657","RIMBP3C"
"1658","RIOX1"
"1659","RIPOR1"
"1660","RIPPLY3"
"1661","RNASE2"
"1662","RNASE9"
"1663","RNF113B"
"1664","RNF213"
"1665","RNF224"
"1666","RNF225"
"1667","RO60"
"1668","RP1L1"
"1669","RPEL1"
"1670","RPS27AP5"
"1671","RPS4Y1"
"1672","RPS4Y2"
"1673","RPTN"
"1674","RRP15"
"1675","RSKR"
"1676","RTL1"
"1677","RTL3"
"1678","RTL5"
"1679","RTL9"
"1680","RUNX3"
"1681","RUSF1"
"1682","RYBP"
"1683","RYR1"
"1684","RYR2"
"1685","TAF11L10"
"1686","TAF11L11"
"1687","TAF11L12"
"1688","TAF11L13"
"1689","TAF11L14"
"1690","TAF11L2"
"1691","TAF11L3"
"1692","TAF11L4"
"1693","TAF11L5"
"1694","TAF11L6"
"1695","TAF11L7"
"1696","TAF11L8"
"1697","TAF11L9"
"1698","TAF1L"
"1699","TAF3"
"1700","TAF4"
"1701","TAF7"
"1702","TAFA1"
"1703","TAFA2"
"1704","TAFA3"
"1705","TAFA4"
"1706","TAFA5"
"1707","TAMALIN"
"1708","TANC2"
"1709","TANGO6"
"1710","TARS1"
"1711","TARS3"
"1712","TAS2R13"
"1713","TAS2R14"
"1714","TAS2R19"
"1715","TAS2R9"
"1716","TASOR"
"1717","TASOR2"
"1718","TATDN2"
"1719","TBC1D10B"
"1720","TBC1D26"
"1721","TBC1D28"
"1722","TBC1D3"
"1723","TBC1D3B"
"1724","TBC1D3C"
"1725","TBC1D3D"
"1726","TBC1D3E"
"1727","TBC1D3F"
"1728","TBC1D3G"
"1729","TBC1D3H"
"1730","TBC1D3I"
"1731","TBC1D3K"
"1732","TBC1D3L"
"1733","TBL1Y"
"1734","TBPL2"
"1735","TBX1"
"1736","TCEAL2"
"1737","TCEAL6"
"1738","TCERG1"
"1739","TCFL5"
"1740","TCHH"
"1741","TCHHL1"
"1742","TCOF1"
"1743","TCTA"
"1744","TDRD15"
"1745","TDRD6"
"1746","TEAD3"
"1747","TEKT4"
"1748","TEP1"
"1749","TEPP"
"1750","TERF1"
"1751","TET1"
"1752","TEX13A"
"1753","TEX13C"
"1754","TEX13D"
"1755","TEX15"
"1756","TEX53"
"1757","TEX54"
"1758","TEX55"
"1759","TFB1M"
"1760","TFDP3"
"1761","TGFBR3L"
"1762","TGIF2LX"
"1763","TGIF2LY"
"1764","TGOLN2"
"1765","THAP11"
"1766","THBD"
"1767","THRSP"
"1768","THSD1"
"1769","THSD7A"
"1770","THUMPD3"
"1771","TICAM1"
"1772","TICRR"
"1773","TIGD5"
"1774","TIMM23B"
"1775","TJP2"
"1776","TJP3"
"1777","TLCD3A"
"1778","TLCD3B"
"1779","TLCD4-RWDD3"
"1780","TLCD4"
"1781","TLCD5"
"1782","TLE5"
"1783","TMDD1"
"1784","TMED8"
"1785","TMEM121"
"1786","TMEM131"
"1787","TMEM139"
"1788","TMEM158"
"1789","TMEM207"
"1790","TMEM225"
"1791","TMEM229A"
"1792","TMEM232"
"1793","TMEM271"
"1794","TMEM275"
"1795","TMEM37"
"1796","TMEM51"
"1797","TMEM59L"
"1798","TMEM88B"
"1799","TMIE"
"1800","TMIGD2"
"1801","TMOD3"
"1802","TMPRSS9"
"1803","TNFRSF10A"
"1804","TNFRSF10C"
"1805","TNFRSF10D"
"1806","TNFRSF13C"
"1807","TNFSF9"
"1808","TNP2"
"1809","TNRC18"
"1810","TNRC6A"
"1811","TNRC6C"
"1812","TOGARAM1"
"1813","TONSL"
"1814","TOP1"
"1815","TOPAZ1"
"1816","TP53TG3"
"1817","TP53TG3B"
"1818","TP53TG3C"
"1819","TP53TG3D"
"1820","TP53TG3E"
"1821","TP53TG3F"
"1822","TPBGL"
"1823","TPRG1"
"1824","TPRN"
"1825","TPTE"
"1826","TPTE2"
"1827","TPTEP2-CSNK1E"
"1828","TRAPPC12"
"1829","TREML2"
"1830","TRIM31"
"1831","TRIM48"
"1832","TRIM49B"
"1833","TRIM51"
"1834","TRIM54"
"1835","TRMT10C"
"1836","TRMT44"
"1837","TRPM5"
"1838","TRPV6"
"1839","TSBP1"
"1840","TSKS"
"1841","TSNARE1"
"1842","TSPOAP1"
"1843","TSPY1"
"1844","TSPY2"
"1845","TSPY3"
"1846","TSPY4"
"1847","TSPY8"
"1848","TSPYL2"
"1849","TSPYL6"
"1850","TSSK1B"
"1851","TTC16"
"1852","TTC19"
"1853","TTC24"
"1854","TTF1"
"1855","TTF2"
"1856","TTLL11"
"1857","TTLL8"
"1858","TTN"
"1859","TUBA4B"
"1860","TUBB8B"
"1861","TUBGCP6"
"1862","TUG1"
"1863","TULP2"
"1864","TUSC1"
"1865","TWIST1"
"1866","TXLNG"
"1867","TXNDC2"
"1868","TYR"
"1869","S100PBP"
"1870","SAA4"
"1871","SAGE1"
"1872","SAMD9"
"1873","SARS1"
"1874","SASH1"
"1875","SAV1"
"1876","SBK3"
"1877","SBNO2"
"1878","SCAF1"
"1879","SCAF4"
"1880","SCART1"
"1881","SCGB1D4"
"1882","SCGB2B2"
"1883","SCN10A"
"1884","SCN11A"
"1885","SCNN1D"
"1886","SCRIB"
"1887","SCT"
"1888","SCTR"
"1889","SCYGR1"
"1890","SCYGR2"
"1891","SCYGR3"
"1892","SCYGR4"
"1893","SCYGR5"
"1894","SCYGR6"
"1895","SCYGR7"
"1896","SCYGR8"
"1897","SDK1"
"1898","SEC16A"
"1899","SEC24B"
"1900","SECISBP2"
"1901","SELENOK"
"1902","SELENOV"
"1903","SELPLG"
"1904","SEMG1"
"1905","SEMG2"
"1906","SEPTIN1"
"1907","SEPTIN10"
"1908","SEPTIN11"
"1909","SEPTIN12"
"1910","SEPTIN14"
"1911","SEPTIN2"
"1912","SEPTIN3"
"1913","SEPTIN4"
"1914","SEPTIN5"
"1915","SEPTIN6"
"1916","SEPTIN7"
"1917","SEPTIN8"
"1918","SEPTIN9"
"1919","SERINC1"
"1920","SETD1A"
"1921","SETD1B"
"1922","SETSIP"
"1923","SETX"
"1924","SH2B3"
"1925","SH2D5"
"1926","SH2D7"
"1927","SH3D21"
"1928","SHANK1"
"1929","SHANK3"
"1930","SHARPIN"
"1931","SHC2"
"1932","SHFL"
"1933","SHISA6"
"1934","SHISA8"
"1935","SHOC1"
"1936","SHROOM1"
"1937","SHROOM3"
"1938","SHROOM4"
"1939","SIGLEC11"
"1940","SIGLEC12"
"1941","SIGLEC6"
"1942","SIGLEC8"
"1943","SIPA1L3"
"1944","SKIDA1"
"1945","SLBP"
"1946","SLC12A2"
"1947","SLC19A1"
"1948","SLC22A18AS"
"1949","SLC24A1"
"1950","SLC25A52"
"1951","SLC26A8"
"1952","SLC2A4RG"
"1953","SLC2A7"
"1954","SLC35G3"
"1955","SLC35G4"
"1956","SLC35G5"
"1957","SLC37A4"
"1958","SLC38A10"
"1959","SLC39A14"
"1960","SLC39A4"
"1961","SLC40A1"
"1962","SLC45A4"
"1963","SLC49A3"
"1964","SLC49A4"
"1965","SLC4A1"
"1966","SLC4A2"
"1967","SLC4A5"
"1968","SLC5A8"
"1969","SLC66A1"
"1970","SLC66A2"
"1971","SLC66A3"
"1972","SLC6A16"
"1973","SLC6A18"
"1974","SLC7A13"
"1975","SLC9C2"
"1976","SLCO1B3-SLCO1B7"
"1977","SLCO4A1"
"1978","SLCO6A1"
"1979","SLFN11"
"1980","SLFN12"
"1981","SLFN12L"
"1982","SLITRK3"
"1983","SLK"
"1984","SLX4"
"1985","SMARCAL1"
"1986","SMC6"
"1987","SMCP"
"1988","SMIM38"
"1989","SMIM39"
"1990","SMIM40"
"1991","SMIM41"
"1992","SMIM42"
"1993","SMO"
"1994","SMPD1"
"1995","SMR3A"
"1996","SNAPC4"
"1997","SOAT2"
"1998","SOCS1"
"1999","SOCS7"
"2000","SOWAHA"
"2001","SOWAHC"
"2002","SOX1"
"2003","SOX12"
"2004","SOX13"
"2005","SOX17"
"2006","SOX18"
"2007","SOX2"
"2008","SOX4"
"2009","SP100"
"2010","SP110"
"2011","SP8"
"2012","SP9"
"2013","SPACA4"
"2014","SPACA6"
"2015","SPAG1"
"2016","SPAG17"
"2017","SPAG4"
"2018","SPAG8"
"2019","SPANXA1"
"2020","SPANXA2"
"2021","SPANXB1"
"2022","SPANXN2"
"2023","SPANXN3"
"2024","SPANXN5"
"2025","SPARCL1"
"2026","SPATA1"
"2027","SPATA12"
"2028","SPATA21"
"2029","SPATA31A1"
"2030","SPATA31A3"
"2031","SPATA31A5"
"2032","SPATA31A6"
"2033","SPATA31A7"
"2034","SPATA31D1"
"2035","SPATA31D3"
"2036","SPATA31D4"
"2037","SPATA31E1"
"2038","SPDYE1"
"2039","SPDYE11"
"2040","SPDYE13"
"2041","SPDYE14"
"2042","SPDYE15"
"2043","SPDYE16"
"2044","SPDYE17"
"2045","SPDYE2"
"2046","SPDYE21"
"2047","SPDYE2B"
"2048","SPDYE3"
"2049","SPDYE5"
"2050","SPDYE6"
"2051","SPDYE8"
"2052","SPDYE9"
"2053","SPEGNB"
"2054","SPEM3"
"2055","SPEN"
"2056","SPINK5"
"2057","SPN"
"2058","SPRING1"
"2059","SPRR3"
"2060","SPRR4"
"2061","SPRR5"
"2062","SPTA1"
"2063","SPTBN5"
"2064","SPZ1"
"2065","SRCAP"
"2066","SRCIN1"
"2067","SREBF2"
"2068","SRMS"
"2069","SRRD"
"2070","SRRM4"
"2071","SRRM5"
"2072","SRSF8"
"2073","SRY"
"2074","SSU72P8"
"2075","SSX2B"
"2076","STAB2"
"2077","STARD9"
"2078","STATH"
"2079","STH"
"2080","STIMATE-MUSTN1"
"2081","STING1"
"2082","STKLD1"
"2083","STPG2"
"2084","STRA8"
"2085","STRC"
"2086","STRIT1"
"2087","STX12"
"2088","STXBP5"
"2089","STYXL2"
"2090","SULF1"
"2091","SULT2B1"
"2092","SUMO4"
"2093","SUN2"
"2094","SUPT20HL1"
"2095","SUPT20HL2"
"2096","SYCE2"
"2097","SYNPO2L"
"2098","SYPL2"
"2099","UBE2O"
"2100","UBXN11"
"2101","UBXN2A"
"2102","UFL1"
"2103","UHRF1"
"2104","UMOD"
"2105","UNC13A"
"2106","UNCX"
"2107","UPK3BL1"
"2108","UPK3BL2"
"2109","UQCC3"
"2110","UQCRHL"
"2111","USP16"
"2112","USP17L1"
"2113","USP17L10"
"2114","USP17L11"
"2115","USP17L12"
"2116","USP17L13"
"2117","USP17L15"
"2118","USP17L17"
"2119","USP17L18"
"2120","USP17L19"
"2121","USP17L2"
"2122","USP17L20"
"2123","USP17L21"
"2124","USP17L22"
"2125","USP17L24"
"2126","USP17L25"
"2127","USP17L26"
"2128","USP17L27"
"2129","USP17L28"
"2130","USP17L29"
"2131","USP17L3"
"2132","USP17L30"
"2133","USP17L4"
"2134","USP17L5"
"2135","USP17L7"
"2136","USP17L8"
"2137","USP26"
"2138","USP29"
"2139","USP31"
"2140","USP35"
"2141","USP41"
"2142","USP51"
"2143","USP9Y"
"2144","USPL1"
"2145","UTF1"
"2146","UTP14C"
"2147","UTP3"
"2148","VARS1"
"2149","VCX"
"2150","VCX2"
"2151","VCX3A"
"2152","VCX3B"
"2153","VCY"
"2154","VCY1B"
"2155","VEZF1"
"2156","VHLL"
"2157","VN1R1"
"2158","VN1R2"
"2159","VN1R4"
"2160","VSIG10"
"2161","VSIG10L"
"2162","VWA5B2"
"2163","WARS1"
"2164","WASH6P"
"2165","WASHC1"
"2166","WASHC2C"
"2167","WDFY4"
"2168","WDR26"
"2169","WDR46"
"2170","WDR73"
"2171","WDR87"
"2172","WFDC12"
"2173","WFDC6"
"2174","WHAMM"
"2175","WIF1"
"2176","WNK2"
"2177","XKR3"
"2178","XKR5"
"2179","XKR8"
"2180","YARS1"
"2181","YBX2"
"2182","YEATS2"
"2183","YTHDC1"
"2184","YY2"
"2185","Z82190.2"
"2186","Z82206.1"
"2187","Z83844.2"
"2188","Z84488.1"
"2189","Z84492.2"
"2190","ZACN"
"2191","ZAN"
"2192","ZBED3"
"2193","ZBED6CL"
"2194","ZBTB17"
"2195","ZBTB3"
"2196","ZBTB4"
"2197","ZC2HC1A"
"2198","ZC3H11B"
"2199","ZC3H3"
"2200","ZC3H6"
"2201","ZC3H8"
"2202","ZC3HAV1"
"2203","ZCCHC3"
"2204","ZDHHC21"
"2205","ZFHX3"
"2206","ZFHX4"
"2207","ZFP36L2"
"2208","ZFP42"
"2209","ZFP57"
"2210","ZFP69"
"2211","ZG16B"
"2212","ZIC4"
"2213","ZIC5"
"2214","ZIM3"
"2215","ZMYM4"
"2216","ZMYND15"
"2217","ZNF107"
"2218","ZNF117"
"2219","ZNF132"
"2220","ZNF141"
"2221","ZNF219"
"2222","ZNF253"
"2223","ZNF274"
"2224","ZNF280C"
"2225","ZNF281"
"2226","ZNF284"
"2227","ZNF316"
"2228","ZNF320"
"2229","ZNF34"
"2230","ZNF37A"
"2231","ZNF384"
"2232","ZNF395"
"2233","ZNF408"
"2234","ZNF428"
"2235","ZNF440"
"2236","ZNF444"
"2237","ZNF45"
"2238","ZNF454"
"2239","ZNF469"
"2240","ZNF479"
"2241","ZNF484"
"2242","ZNF487"
"2243","ZNF491"
"2244","ZNF492"
"2245","ZNF497"
"2246","ZNF503"
"2247","ZNF512B"
"2248","ZNF518A"
"2249","ZNF519"
"2250","ZNF534"
"2251","ZNF541"
"2252","ZNF557"
"2253","ZNF578"
"2254","ZNF587"
"2255","ZNF587B"
"2256","ZNF594"
"2257","ZNF610"
"2258","ZNF625"
"2259","ZNF626"
"2260","ZNF628"
"2261","ZNF629"
"2262","ZNF646"
"2263","ZNF649"
"2264","ZNF658"
"2265","ZNF665"
"2266","ZNF676"
"2267","ZNF681"
"2268","ZNF697"
"2269","ZNF700"
"2270","ZNF705A"
"2271","ZNF705B"
"2272","ZNF705D"
"2273","ZNF716"
"2274","ZNF717"
"2275","ZNF722P"
"2276","ZNF723"
"2277","ZNF727"
"2278","ZNF728"
"2279","ZNF729"
"2280","ZNF735"
"2281","ZNF749"
"2282","ZNF768"
"2283","ZNF770"
"2284","ZNF781"
"2285","ZNF785"
"2286","ZNF786"
"2287","ZNF792"
"2288","ZNF800"
"2289","ZNF804A"
"2290","ZNF808"
"2291","ZNF813"
"2292","ZNF816-ZNF321P"
"2293","ZNF831"
"2294","ZNF835"
"2295","ZNF837"
"2296","ZNF839"
"2297","ZNF843"
"2298","ZNF845"
"2299","ZNF853"
"2300","ZNF860"
"2301","ZNF875"
"2302","ZNF878"
"2303","ZNF888"
"2304","ZNF91"
"2305","ZNF99"
"2306","ZNRD2"
"2307","ZP1"
"2308","ZP4"
"2309","ZSCAN5B"
"2310","ZSWIM9"
"2311","ZXDA"
"2312","ZXDB"
